{
  "soal": [
    {
      "id": 1,
      "jenis": "Tes Sinonim",
      "petunjuk": "Masing­masing soal terdiri dari satu kata yang dicetak dengan huruf besar (huruf kapital) diikuti lima kemungkinan jawaban. Pilihlah satu jawaban yang mempunyai arti sama atau paling dekat dengan arti kata yang dicetak dengan huruf kapital.",
      "pertanyaan": "INISIATIF =",
      "jawaban": [
        "Prakarsa",
        "Usaha",
        "Dorongan",
        "Kemauan",
        "Hasrat"
      ]
    },
    {
      "id": 2,
      "jenis": "Tes Sinonim",
      "petunjuk": "Masing­masing soal terdiri dari satu kata yang dicetak dengan huruf besar (huruf kapital) diikuti lima kemungkinan jawaban. Pilihlah satu jawaban yang mempunyai arti sama atau paling dekat dengan arti kata yang dicetak dengan huruf kapital.",
      "pertanyaan": "LOYALITAS =",
      "jawaban": [
        "Dedikasi",
        "kesatuan",
        "Kesetiaan",
        "Kepatuhan",
        "Kesediaan"
      ]
    },
    {
      "id": 3,
      "jenis": "Tes Antonim",
      "petunjuk": "Masing­masing soal terdiri dari satu kata yang dicetak dengan huruf besar (huruf kapital) diikuti lima kemungkinan jawaban. Pilihlah satu jawaban yang mempunyai arti yang berlawanan dengan arti kata yang dicetak dengan huruf kapital.",
      "pertanyaan": "PRIMITIF",
      "jawaban": [
        "Konservatif",
        "Konvensional",
        "Ortodoks",
        "Arkais",
        "Aktual"
      ]
    },
    {
      "id": 4,
      "jenis": "Tes Antonim",
      "petunjuk": "Masing­masing soal terdiri dari satu kata yang dicetak dengan huruf besar (huruf kapital) diikuti lima kemungkinan jawaban. Pilihlah satu jawaban yang mempunyai arti yang berlawanan dengan arti kata yang dicetak dengan huruf kapital.",
      "pertanyaan": "MEMBALUTKAN",
      "jawaban": [
        "Mengaitkan",
        "Mengikatkan",
        "Meniadakan",
        "Menghancurkan",
        "Menanggalkan"
      ]
    },
    {
      "id": 5,
      "jenis": "Tes Aritmatika",
      "petunjuk": "Soal­soal aritmatika terdiri dari soal­soal hitungan sederhana, konsep aljabar, dan permasalahan aritmatika lainnya. Setiap soal disertai dengan lima pilihan jawaban. Jawablah setiap soal dengan cara memilih satu dari lima jawaban yang ada.",
      "pertanyaan": "Berapakah nilai dari 4,353 : 0,003 ?",
      "jawaban": ["1451", "1455", "1465", "1471", "1475"]
    },
    {
      "id": 6,
      "jenis": "Tes Aritmatika",
      "petunjuk": "Soal­soal aritmatika terdiri dari soal­soal hitungan sederhana, konsep aljabar, dan permasalahan aritmatika lainnya. Setiap soal disertai dengan lima pilihan jawaban. Jawablah setiap soal dengan cara memilih satu dari lima jawaban yang ada.",
      "pertanyaan": "Seorang pengusaha ingin memasang iklan sebanyak 3 baris pada sebuah surat kabar. Untuk hari pertama, ia harus membayar Rp2.500 per baris, untuk 5 hari berikutnya ia harus membayar Rp1.500 per baris, dan untuk hari­hari berikutnya ia harus membayar Rp1.000 per baris. Jika ia membayar Rp60.000, berapa hari iklan itu dipasang?",
      "jawaban": [
        "20 hari",
        "30 hari",
        "16 hari",
        "15 hari",
        "jawaban5",
        "10 hari"
      ]
    },
    {
      "id": 7,
      "jenis": "Tes Aritmatika",
      "petunjuk": "Soal­soal aritmatika terdiri dari soal­soal hitungan sederhana, konsep aljabar, dan permasalahan aritmatika lainnya. Setiap soal disertai dengan lima pilihan jawaban. Jawablah setiap soal dengan cara memilih satu dari lima jawaban yang ada.",
      "pertanyaan": "Seorang pengusaha ingin memasang iklan sebanyak 3 baris pada sebuah surat kabar. Untuk hari pertama, ia harus membayar Rp2.500 per baris, untuk 5 hari berikutnya ia harus membayar Rp1.500 per baris, dan untuk hari­hari berikutnya ia harus membayar Rp1.000 per baris. Jika ia membayar Rp60.000, berapa hari iklan itu dipasang?",
      "jawaban": [
        "20 hari",
        "30 hari",
        "16 hari",
        "15 hari",
        "jawaban5",
        "10 hari"
      ]
    },
    {
      "id": 7,
      "jenis": "Tes Aritmatika",
      "petunjuk": "Soal­soal aritmatika terdiri dari soal­soal hitungan sederhana, konsep aljabar, dan permasalahan aritmatika lainnya. Setiap soal disertai dengan lima pilihan jawaban. Jawablah setiap soal dengan cara memilih satu dari lima jawaban yang ada.",
      "pertanyaan": "Seorang pengusaha ingin memasang iklan sebanyak 3 baris pada sebuah surat kabar. Untuk hari pertama, ia harus membayar Rp2.500 per baris, untuk 5 hari berikutnya ia harus membayar Rp1.500 per baris, dan untuk hari­hari berikutnya ia harus membayar Rp1.000 per baris. Jika ia membayar Rp60.000, berapa hari iklan itu dipasang?",
      "jawaban": [
        "20 hari",
        "30 hari",
        "16 hari",
        "15 hari",
        "jawaban5",
        "10 hari"
      ]
    },
    {
      "id": 7,
      "jenis": "Tes Aritmatika",
      "petunjuk": "Soal­soal aritmatika terdiri dari soal­soal hitungan sederhana, konsep aljabar, dan permasalahan aritmatika lainnya. Setiap soal disertai dengan lima pilihan jawaban. Jawablah setiap soal dengan cara memilih satu dari lima jawaban yang ada.",
      "pertanyaan": "Seorang pengusaha ingin memasang iklan sebanyak 3 baris pada sebuah surat kabar. Untuk hari pertama, ia harus membayar Rp2.500 per baris, untuk 5 hari berikutnya ia harus membayar Rp1.500 per baris, dan untuk hari­hari berikutnya ia harus membayar Rp1.000 per baris. Jika ia membayar Rp60.000, berapa hari iklan itu dipasang?",
      "jawaban": [
        "20 hari",
        "30 hari",
        "16 hari",
        "15 hari",
        "jawaban5",
        "10 hari"
      ]
    },
    {
      "id": 7,
      "jenis": "Tes Aritmatika",
      "petunjuk": "Soal­soal aritmatika terdiri dari soal­soal hitungan sederhana, konsep aljabar, dan permasalahan aritmatika lainnya. Setiap soal disertai dengan lima pilihan jawaban. Jawablah setiap soal dengan cara memilih satu dari lima jawaban yang ada.",
      "pertanyaan": "Seorang pengusaha ingin memasang iklan sebanyak 3 baris pada sebuah surat kabar. Untuk hari pertama, ia harus membayar Rp2.500 per baris, untuk 5 hari berikutnya ia harus membayar Rp1.500 per baris, dan untuk hari­hari berikutnya ia harus membayar Rp1.000 per baris. Jika ia membayar Rp60.000, berapa hari iklan itu dipasang?",
      "jawaban": [
        "20 hari",
        "30 hari",
        "16 hari",
        "15 hari",
        "jawaban5",
        "10 hari"
      ]
    },
    {
      "id": 7,
      "jenis": "Tes Aritmatika",
      "petunjuk": "Soal­soal aritmatika terdiri dari soal­soal hitungan sederhana, konsep aljabar, dan permasalahan aritmatika lainnya. Setiap soal disertai dengan lima pilihan jawaban. Jawablah setiap soal dengan cara memilih satu dari lima jawaban yang ada.",
      "pertanyaan": "Seorang pengusaha ingin memasang iklan sebanyak 3 baris pada sebuah surat kabar. Untuk hari pertama, ia harus membayar Rp2.500 per baris, untuk 5 hari berikutnya ia harus membayar Rp1.500 per baris, dan untuk hari­hari berikutnya ia harus membayar Rp1.000 per baris. Jika ia membayar Rp60.000, berapa hari iklan itu dipasang?",
      "jawaban": [
        "20 hari",
        "30 hari",
        "16 hari",
        "15 hari",
        "jawaban5",
        "10 hari"
      ]
    },
    {
      "id": 7,
      "jenis": "Tes Aritmatika",
      "petunjuk": "Soal­soal aritmatika terdiri dari soal­soal hitungan sederhana, konsep aljabar, dan permasalahan aritmatika lainnya. Setiap soal disertai dengan lima pilihan jawaban. Jawablah setiap soal dengan cara memilih satu dari lima jawaban yang ada.",
      "pertanyaan": "Seorang pengusaha ingin memasang iklan sebanyak 3 baris pada sebuah surat kabar. Untuk hari pertama, ia harus membayar Rp2.500 per baris, untuk 5 hari berikutnya ia harus membayar Rp1.500 per baris, dan untuk hari­hari berikutnya ia harus membayar Rp1.000 per baris. Jika ia membayar Rp60.000, berapa hari iklan itu dipasang?",
      "jawaban": [
        "20 hari",
        "30 hari",
        "16 hari",
        "15 hari",
        "jawaban5",
        "10 hari"
      ]
    },
    {
      "id": 7,
      "jenis": "Tes Aritmatika",
      "petunjuk": "Soal­soal aritmatika terdiri dari soal­soal hitungan sederhana, konsep aljabar, dan permasalahan aritmatika lainnya. Setiap soal disertai dengan lima pilihan jawaban. Jawablah setiap soal dengan cara memilih satu dari lima jawaban yang ada.",
      "pertanyaan": "Seorang pengusaha ingin memasang iklan sebanyak 3 baris pada sebuah surat kabar. Untuk hari pertama, ia harus membayar Rp2.500 per baris, untuk 5 hari berikutnya ia harus membayar Rp1.500 per baris, dan untuk hari­hari berikutnya ia harus membayar Rp1.000 per baris. Jika ia membayar Rp60.000, berapa hari iklan itu dipasang?",
      "jawaban": [
        "20 hari",
        "30 hari",
        "16 hari",
        "15 hari",
        "jawaban5",
        "10 hari"
      ]
    },
    {
      "id": 7,
      "jenis": "Tes Aritmatika",
      "petunjuk": "Soal­soal aritmatika terdiri dari soal­soal hitungan sederhana, konsep aljabar, dan permasalahan aritmatika lainnya. Setiap soal disertai dengan lima pilihan jawaban. Jawablah setiap soal dengan cara memilih satu dari lima jawaban yang ada.",
      "pertanyaan": "Seorang pengusaha ingin memasang iklan sebanyak 3 baris pada sebuah surat kabar. Untuk hari pertama, ia harus membayar Rp2.500 per baris, untuk 5 hari berikutnya ia harus membayar Rp1.500 per baris, dan untuk hari­hari berikutnya ia harus membayar Rp1.000 per baris. Jika ia membayar Rp60.000, berapa hari iklan itu dipasang?",
      "jawaban": [
        "20 hari",
        "30 hari",
        "16 hari",
        "15 hari",
        "jawaban5",
        "10 hari"
      ]
    },
    {
      "id": 7,
      "jenis": "Tes Aritmatika",
      "petunjuk": "Soal­soal aritmatika terdiri dari soal­soal hitungan sederhana, konsep aljabar, dan permasalahan aritmatika lainnya. Setiap soal disertai dengan lima pilihan jawaban. Jawablah setiap soal dengan cara memilih satu dari lima jawaban yang ada.",
      "pertanyaan": "Seorang pengusaha ingin memasang iklan sebanyak 3 baris pada sebuah surat kabar. Untuk hari pertama, ia harus membayar Rp2.500 per baris, untuk 5 hari berikutnya ia harus membayar Rp1.500 per baris, dan untuk hari­hari berikutnya ia harus membayar Rp1.000 per baris. Jika ia membayar Rp60.000, berapa hari iklan itu dipasang?",
      "jawaban": [
        "20 hari",
        "30 hari",
        "16 hari",
        "15 hari",
        "jawaban5",
        "10 hari"
      ]
    },
    {
      "id": 7,
      "jenis": "Tes Aritmatika",
      "petunjuk": "Soal­soal aritmatika terdiri dari soal­soal hitungan sederhana, konsep aljabar, dan permasalahan aritmatika lainnya. Setiap soal disertai dengan lima pilihan jawaban. Jawablah setiap soal dengan cara memilih satu dari lima jawaban yang ada.",
      "pertanyaan": "Seorang pengusaha ingin memasang iklan sebanyak 3 baris pada sebuah surat kabar. Untuk hari pertama, ia harus membayar Rp2.500 per baris, untuk 5 hari berikutnya ia harus membayar Rp1.500 per baris, dan untuk hari­hari berikutnya ia harus membayar Rp1.000 per baris. Jika ia membayar Rp60.000, berapa hari iklan itu dipasang?",
      "jawaban": [
        "20 hari",
        "30 hari",
        "16 hari",
        "15 hari",
        "jawaban5",
        "10 hari"
      ]
    },
    {
      "id": 7,
      "jenis": "Tes Aritmatika",
      "petunjuk": "Soal­soal aritmatika terdiri dari soal­soal hitungan sederhana, konsep aljabar, dan permasalahan aritmatika lainnya. Setiap soal disertai dengan lima pilihan jawaban. Jawablah setiap soal dengan cara memilih satu dari lima jawaban yang ada.",
      "pertanyaan": "Seorang pengusaha ingin memasang iklan sebanyak 3 baris pada sebuah surat kabar. Untuk hari pertama, ia harus membayar Rp2.500 per baris, untuk 5 hari berikutnya ia harus membayar Rp1.500 per baris, dan untuk hari­hari berikutnya ia harus membayar Rp1.000 per baris. Jika ia membayar Rp60.000, berapa hari iklan itu dipasang?",
      "jawaban": [
        "20 hari",
        "30 hari",
        "16 hari",
        "15 hari",
        "jawaban5",
        "10 hari"
      ]
    },
    {
      "id": 7,
      "jenis": "Tes Aritmatika",
      "petunjuk": "Soal­soal aritmatika terdiri dari soal­soal hitungan sederhana, konsep aljabar, dan permasalahan aritmatika lainnya. Setiap soal disertai dengan lima pilihan jawaban. Jawablah setiap soal dengan cara memilih satu dari lima jawaban yang ada.",
      "pertanyaan": "Seorang pengusaha ingin memasang iklan sebanyak 3 baris pada sebuah surat kabar. Untuk hari pertama, ia harus membayar Rp2.500 per baris, untuk 5 hari berikutnya ia harus membayar Rp1.500 per baris, dan untuk hari­hari berikutnya ia harus membayar Rp1.000 per baris. Jika ia membayar Rp60.000, berapa hari iklan itu dipasang?",
      "jawaban": [
        "20 hari",
        "30 hari",
        "16 hari",
        "15 hari",
        "jawaban5",
        "10 hari"
      ]
    },
    {
      "id": 7,
      "jenis": "Tes Aritmatika",
      "petunjuk": "Soal­soal aritmatika terdiri dari soal­soal hitungan sederhana, konsep aljabar, dan permasalahan aritmatika lainnya. Setiap soal disertai dengan lima pilihan jawaban. Jawablah setiap soal dengan cara memilih satu dari lima jawaban yang ada.",
      "pertanyaan": "Seorang pengusaha ingin memasang iklan sebanyak 3 baris pada sebuah surat kabar. Untuk hari pertama, ia harus membayar Rp2.500 per baris, untuk 5 hari berikutnya ia harus membayar Rp1.500 per baris, dan untuk hari­hari berikutnya ia harus membayar Rp1.000 per baris. Jika ia membayar Rp60.000, berapa hari iklan itu dipasang?",
      "jawaban": [
        "20 hari",
        "30 hari",
        "16 hari",
        "15 hari",
        "jawaban5",
        "10 hari"
      ]
    },
    {
      "id": 7,
      "jenis": "Tes Aritmatika",
      "petunjuk": "Soal­soal aritmatika terdiri dari soal­soal hitungan sederhana, konsep aljabar, dan permasalahan aritmatika lainnya. Setiap soal disertai dengan lima pilihan jawaban. Jawablah setiap soal dengan cara memilih satu dari lima jawaban yang ada.",
      "pertanyaan": "Seorang pengusaha ingin memasang iklan sebanyak 3 baris pada sebuah surat kabar. Untuk hari pertama, ia harus membayar Rp2.500 per baris, untuk 5 hari berikutnya ia harus membayar Rp1.500 per baris, dan untuk hari­hari berikutnya ia harus membayar Rp1.000 per baris. Jika ia membayar Rp60.000, berapa hari iklan itu dipasang?",
      "jawaban": [
        "20 hari",
        "30 hari",
        "16 hari",
        "15 hari",
        "jawaban5",
        "10 hari"
      ]
    },
    {
      "id": 7,
      "jenis": "Tes Aritmatika",
      "petunjuk": "Soal­soal aritmatika terdiri dari soal­soal hitungan sederhana, konsep aljabar, dan permasalahan aritmatika lainnya. Setiap soal disertai dengan lima pilihan jawaban. Jawablah setiap soal dengan cara memilih satu dari lima jawaban yang ada.",
      "pertanyaan": "Seorang pengusaha ingin memasang iklan sebanyak 3 baris pada sebuah surat kabar. Untuk hari pertama, ia harus membayar Rp2.500 per baris, untuk 5 hari berikutnya ia harus membayar Rp1.500 per baris, dan untuk hari­hari berikutnya ia harus membayar Rp1.000 per baris. Jika ia membayar Rp60.000, berapa hari iklan itu dipasang?",
      "jawaban": [
        "20 hari",
        "30 hari",
        "16 hari",
        "15 hari",
        "jawaban5",
        "10 hari"
      ]
    },
    {
      "id": 7,
      "jenis": "Tes Aritmatika",
      "petunjuk": "Soal­soal aritmatika terdiri dari soal­soal hitungan sederhana, konsep aljabar, dan permasalahan aritmatika lainnya. Setiap soal disertai dengan lima pilihan jawaban. Jawablah setiap soal dengan cara memilih satu dari lima jawaban yang ada.",
      "pertanyaan": "Seorang pengusaha ingin memasang iklan sebanyak 3 baris pada sebuah surat kabar. Untuk hari pertama, ia harus membayar Rp2.500 per baris, untuk 5 hari berikutnya ia harus membayar Rp1.500 per baris, dan untuk hari­hari berikutnya ia harus membayar Rp1.000 per baris. Jika ia membayar Rp60.000, berapa hari iklan itu dipasang?",
      "jawaban": [
        "20 hari",
        "30 hari",
        "16 hari",
        "15 hari",
        "jawaban5",
        "10 hari"
      ]
    },
    {
      "id": 7,
      "jenis": "Tes Aritmatika",
      "petunjuk": "Soal­soal aritmatika terdiri dari soal­soal hitungan sederhana, konsep aljabar, dan permasalahan aritmatika lainnya. Setiap soal disertai dengan lima pilihan jawaban. Jawablah setiap soal dengan cara memilih satu dari lima jawaban yang ada.",
      "pertanyaan": "Seorang pengusaha ingin memasang iklan sebanyak 3 baris pada sebuah surat kabar. Untuk hari pertama, ia harus membayar Rp2.500 per baris, untuk 5 hari berikutnya ia harus membayar Rp1.500 per baris, dan untuk hari­hari berikutnya ia harus membayar Rp1.000 per baris. Jika ia membayar Rp60.000, berapa hari iklan itu dipasang?",
      "jawaban": [
        "20 hari",
        "30 hari",
        "16 hari",
        "15 hari",
        "jawaban5",
        "10 hari"
      ]
    },
    {
      "id": 7,
      "jenis": "Tes Aritmatika",
      "petunjuk": "Soal­soal aritmatika terdiri dari soal­soal hitungan sederhana, konsep aljabar, dan permasalahan aritmatika lainnya. Setiap soal disertai dengan lima pilihan jawaban. Jawablah setiap soal dengan cara memilih satu dari lima jawaban yang ada.",
      "pertanyaan": "Seorang pengusaha ingin memasang iklan sebanyak 3 baris pada sebuah surat kabar. Untuk hari pertama, ia harus membayar Rp2.500 per baris, untuk 5 hari berikutnya ia harus membayar Rp1.500 per baris, dan untuk hari­hari berikutnya ia harus membayar Rp1.000 per baris. Jika ia membayar Rp60.000, berapa hari iklan itu dipasang?",
      "jawaban": [
        "20 hari",
        "30 hari",
        "16 hari",
        "15 hari",
        "jawaban5",
        "10 hari"
      ]
    },
    {
      "id": 7,
      "jenis": "Tes Aritmatika",
      "petunjuk": "Soal­soal aritmatika terdiri dari soal­soal hitungan sederhana, konsep aljabar, dan permasalahan aritmatika lainnya. Setiap soal disertai dengan lima pilihan jawaban. Jawablah setiap soal dengan cara memilih satu dari lima jawaban yang ada.",
      "pertanyaan": "Seorang pengusaha ingin memasang iklan sebanyak 3 baris pada sebuah surat kabar. Untuk hari pertama, ia harus membayar Rp2.500 per baris, untuk 5 hari berikutnya ia harus membayar Rp1.500 per baris, dan untuk hari­hari berikutnya ia harus membayar Rp1.000 per baris. Jika ia membayar Rp60.000, berapa hari iklan itu dipasang?",
      "jawaban": [
        "20 hari",
        "30 hari",
        "16 hari",
        "15 hari",
        "jawaban5",
        "10 hari"
      ]
    },
    {
      "id": 7,
      "jenis": "Tes Aritmatika",
      "petunjuk": "Soal­soal aritmatika terdiri dari soal­soal hitungan sederhana, konsep aljabar, dan permasalahan aritmatika lainnya. Setiap soal disertai dengan lima pilihan jawaban. Jawablah setiap soal dengan cara memilih satu dari lima jawaban yang ada.",
      "pertanyaan": "Seorang pengusaha ingin memasang iklan sebanyak 3 baris pada sebuah surat kabar. Untuk hari pertama, ia harus membayar Rp2.500 per baris, untuk 5 hari berikutnya ia harus membayar Rp1.500 per baris, dan untuk hari­hari berikutnya ia harus membayar Rp1.000 per baris. Jika ia membayar Rp60.000, berapa hari iklan itu dipasang?",
      "jawaban": [
        "20 hari",
        "30 hari",
        "16 hari",
        "15 hari",
        "jawaban5",
        "10 hari"
      ]
    },
    {
      "id": 7,
      "jenis": "Tes Aritmatika",
      "petunjuk": "Soal­soal aritmatika terdiri dari soal­soal hitungan sederhana, konsep aljabar, dan permasalahan aritmatika lainnya. Setiap soal disertai dengan lima pilihan jawaban. Jawablah setiap soal dengan cara memilih satu dari lima jawaban yang ada.",
      "pertanyaan": "Seorang pengusaha ingin memasang iklan sebanyak 3 baris pada sebuah surat kabar. Untuk hari pertama, ia harus membayar Rp2.500 per baris, untuk 5 hari berikutnya ia harus membayar Rp1.500 per baris, dan untuk hari­hari berikutnya ia harus membayar Rp1.000 per baris. Jika ia membayar Rp60.000, berapa hari iklan itu dipasang?",
      "jawaban": [
        "20 hari",
        "30 hari",
        "16 hari",
        "15 hari",
        "jawaban5",
        "10 hari"
      ]
    },
    {
      "id": 7,
      "jenis": "Tes Aritmatika",
      "petunjuk": "Soal­soal aritmatika terdiri dari soal­soal hitungan sederhana, konsep aljabar, dan permasalahan aritmatika lainnya. Setiap soal disertai dengan lima pilihan jawaban. Jawablah setiap soal dengan cara memilih satu dari lima jawaban yang ada.",
      "pertanyaan": "Seorang pengusaha ingin memasang iklan sebanyak 3 baris pada sebuah surat kabar. Untuk hari pertama, ia harus membayar Rp2.500 per baris, untuk 5 hari berikutnya ia harus membayar Rp1.500 per baris, dan untuk hari­hari berikutnya ia harus membayar Rp1.000 per baris. Jika ia membayar Rp60.000, berapa hari iklan itu dipasang?",
      "jawaban": [
        "20 hari",
        "30 hari",
        "16 hari",
        "15 hari",
        "jawaban5",
        "10 hari"
      ]
    },
    {
      "id": 7,
      "jenis": "Tes Aritmatika",
      "petunjuk": "Soal­soal aritmatika terdiri dari soal­soal hitungan sederhana, konsep aljabar, dan permasalahan aritmatika lainnya. Setiap soal disertai dengan lima pilihan jawaban. Jawablah setiap soal dengan cara memilih satu dari lima jawaban yang ada.",
      "pertanyaan": "Seorang pengusaha ingin memasang iklan sebanyak 3 baris pada sebuah surat kabar. Untuk hari pertama, ia harus membayar Rp2.500 per baris, untuk 5 hari berikutnya ia harus membayar Rp1.500 per baris, dan untuk hari­hari berikutnya ia harus membayar Rp1.000 per baris. Jika ia membayar Rp60.000, berapa hari iklan itu dipasang?",
      "jawaban": [
        "20 hari",
        "30 hari",
        "16 hari",
        "15 hari",
        "jawaban5",
        "10 hari"
      ]
    },
    {
      "id": 7,
      "jenis": "Tes Aritmatika",
      "petunjuk": "Soal­soal aritmatika terdiri dari soal­soal hitungan sederhana, konsep aljabar, dan permasalahan aritmatika lainnya. Setiap soal disertai dengan lima pilihan jawaban. Jawablah setiap soal dengan cara memilih satu dari lima jawaban yang ada.",
      "pertanyaan": "Seorang pengusaha ingin memasang iklan sebanyak 3 baris pada sebuah surat kabar. Untuk hari pertama, ia harus membayar Rp2.500 per baris, untuk 5 hari berikutnya ia harus membayar Rp1.500 per baris, dan untuk hari­hari berikutnya ia harus membayar Rp1.000 per baris. Jika ia membayar Rp60.000, berapa hari iklan itu dipasang?",
      "jawaban": [
        "20 hari",
        "30 hari",
        "16 hari",
        "15 hari",
        "jawaban5",
        "10 hari"
      ]
    },
    {
      "id": 1,
      "jenis": "Tes Sinonim",
      "petunjuk": "Masing­masing soal terdiri dari satu kata yang dicetak dengan huruf besar (huruf kapital) diikuti lima kemungkinan jawaban. Pilihlah satu jawaban yang mempunyai arti sama atau paling dekat dengan arti kata yang dicetak dengan huruf kapital.",
      "pertanyaan": "INISIATIF =",
      "jawaban": [
        "Prakarsa",
        "Usaha",
        "Dorongan",
        "Kemauan",
        "Hasrat"
      ]
    },
    {
      "id": 2,
      "jenis": "Tes Sinonim",
      "petunjuk": "Masing­masing soal terdiri dari satu kata yang dicetak dengan huruf besar (huruf kapital) diikuti lima kemungkinan jawaban. Pilihlah satu jawaban yang mempunyai arti sama atau paling dekat dengan arti kata yang dicetak dengan huruf kapital.",
      "pertanyaan": "LOYALITAS =",
      "jawaban": [
        "Dedikasi",
        "kesatuan",
        "Kesetiaan",
        "Kepatuhan",
        "Kesediaan"
      ]
    },
    {
      "id": 3,
      "jenis": "Tes Antonim",
      "petunjuk": "Masing­masing soal terdiri dari satu kata yang dicetak dengan huruf besar (huruf kapital) diikuti lima kemungkinan jawaban. Pilihlah satu jawaban yang mempunyai arti yang berlawanan dengan arti kata yang dicetak dengan huruf kapital.",
      "pertanyaan": "PRIMITIF",
      "jawaban": [
        "Konservatif",
        "Konvensional",
        "Ortodoks",
        "Arkais",
        "Aktual"
      ]
    },
    {
      "id": 4,
      "jenis": "Tes Antonim",
      "petunjuk": "Masing­masing soal terdiri dari satu kata yang dicetak dengan huruf besar (huruf kapital) diikuti lima kemungkinan jawaban. Pilihlah satu jawaban yang mempunyai arti yang berlawanan dengan arti kata yang dicetak dengan huruf kapital.",
      "pertanyaan": "MEMBALUTKAN",
      "jawaban": [
        "Mengaitkan",
        "Mengikatkan",
        "Meniadakan",
        "Menghancurkan",
        "Menanggalkan"
      ]
    },
    {
      "id": 5,
      "jenis": "Tes Aritmatika",
      "petunjuk": "Soal­soal aritmatika terdiri dari soal­soal hitungan sederhana, konsep aljabar, dan permasalahan aritmatika lainnya. Setiap soal disertai dengan lima pilihan jawaban. Jawablah setiap soal dengan cara memilih satu dari lima jawaban yang ada.",
      "pertanyaan": "Berapakah nilai dari 4,353 : 0,003 ?",
      "jawaban": ["1451", "1455", "1465", "1471", "1475"]
    },
    {
      "id": 6,
      "jenis": "Tes Aritmatika",
      "petunjuk": "Soal­soal aritmatika terdiri dari soal­soal hitungan sederhana, konsep aljabar, dan permasalahan aritmatika lainnya. Setiap soal disertai dengan lima pilihan jawaban. Jawablah setiap soal dengan cara memilih satu dari lima jawaban yang ada.",
      "pertanyaan": "Seorang pengusaha ingin memasang iklan sebanyak 3 baris pada sebuah surat kabar. Untuk hari pertama, ia harus membayar Rp2.500 per baris, untuk 5 hari berikutnya ia harus membayar Rp1.500 per baris, dan untuk hari­hari berikutnya ia harus membayar Rp1.000 per baris. Jika ia membayar Rp60.000, berapa hari iklan itu dipasang?",
      "jawaban": [
        "20 hari",
        "30 hari",
        "16 hari",
        "15 hari",
        "jawaban5",
        "10 hari"
      ]
    },
    {
      "id": 7,
      "jenis": "Tes Aritmatika",
      "petunjuk": "Soal­soal aritmatika terdiri dari soal­soal hitungan sederhana, konsep aljabar, dan permasalahan aritmatika lainnya. Setiap soal disertai dengan lima pilihan jawaban. Jawablah setiap soal dengan cara memilih satu dari lima jawaban yang ada.",
      "pertanyaan": "Seorang pengusaha ingin memasang iklan sebanyak 3 baris pada sebuah surat kabar. Untuk hari pertama, ia harus membayar Rp2.500 per baris, untuk 5 hari berikutnya ia harus membayar Rp1.500 per baris, dan untuk hari­hari berikutnya ia harus membayar Rp1.000 per baris. Jika ia membayar Rp60.000, berapa hari iklan itu dipasang?",
      "jawaban": [
        "20 hari",
        "30 hari",
        "16 hari",
        "15 hari",
        "jawaban5",
        "10 hari"
      ]
    },
    {
      "id": 7,
      "jenis": "Tes Aritmatika",
      "petunjuk": "Soal­soal aritmatika terdiri dari soal­soal hitungan sederhana, konsep aljabar, dan permasalahan aritmatika lainnya. Setiap soal disertai dengan lima pilihan jawaban. Jawablah setiap soal dengan cara memilih satu dari lima jawaban yang ada.",
      "pertanyaan": "Seorang pengusaha ingin memasang iklan sebanyak 3 baris pada sebuah surat kabar. Untuk hari pertama, ia harus membayar Rp2.500 per baris, untuk 5 hari berikutnya ia harus membayar Rp1.500 per baris, dan untuk hari­hari berikutnya ia harus membayar Rp1.000 per baris. Jika ia membayar Rp60.000, berapa hari iklan itu dipasang?",
      "jawaban": [
        "20 hari",
        "30 hari",
        "16 hari",
        "15 hari",
        "jawaban5",
        "10 hari"
      ]
    },
    {
      "id": 7,
      "jenis": "Tes Aritmatika",
      "petunjuk": "Soal­soal aritmatika terdiri dari soal­soal hitungan sederhana, konsep aljabar, dan permasalahan aritmatika lainnya. Setiap soal disertai dengan lima pilihan jawaban. Jawablah setiap soal dengan cara memilih satu dari lima jawaban yang ada.",
      "pertanyaan": "Seorang pengusaha ingin memasang iklan sebanyak 3 baris pada sebuah surat kabar. Untuk hari pertama, ia harus membayar Rp2.500 per baris, untuk 5 hari berikutnya ia harus membayar Rp1.500 per baris, dan untuk hari­hari berikutnya ia harus membayar Rp1.000 per baris. Jika ia membayar Rp60.000, berapa hari iklan itu dipasang?",
      "jawaban": [
        "20 hari",
        "30 hari",
        "16 hari",
        "15 hari",
        "jawaban5",
        "10 hari"
      ]
    },
    {
      "id": 7,
      "jenis": "Tes Aritmatika",
      "petunjuk": "Soal­soal aritmatika terdiri dari soal­soal hitungan sederhana, konsep aljabar, dan permasalahan aritmatika lainnya. Setiap soal disertai dengan lima pilihan jawaban. Jawablah setiap soal dengan cara memilih satu dari lima jawaban yang ada.",
      "pertanyaan": "Seorang pengusaha ingin memasang iklan sebanyak 3 baris pada sebuah surat kabar. Untuk hari pertama, ia harus membayar Rp2.500 per baris, untuk 5 hari berikutnya ia harus membayar Rp1.500 per baris, dan untuk hari­hari berikutnya ia harus membayar Rp1.000 per baris. Jika ia membayar Rp60.000, berapa hari iklan itu dipasang?",
      "jawaban": [
        "20 hari",
        "30 hari",
        "16 hari",
        "15 hari",
        "jawaban5",
        "10 hari"
      ]
    },
    {
      "id": 7,
      "jenis": "Tes Aritmatika",
      "petunjuk": "Soal­soal aritmatika terdiri dari soal­soal hitungan sederhana, konsep aljabar, dan permasalahan aritmatika lainnya. Setiap soal disertai dengan lima pilihan jawaban. Jawablah setiap soal dengan cara memilih satu dari lima jawaban yang ada.",
      "pertanyaan": "Seorang pengusaha ingin memasang iklan sebanyak 3 baris pada sebuah surat kabar. Untuk hari pertama, ia harus membayar Rp2.500 per baris, untuk 5 hari berikutnya ia harus membayar Rp1.500 per baris, dan untuk hari­hari berikutnya ia harus membayar Rp1.000 per baris. Jika ia membayar Rp60.000, berapa hari iklan itu dipasang?",
      "jawaban": [
        "20 hari",
        "30 hari",
        "16 hari",
        "15 hari",
        "jawaban5",
        "10 hari"
      ]
    },
    {
      "id": 7,
      "jenis": "Tes Aritmatika",
      "petunjuk": "Soal­soal aritmatika terdiri dari soal­soal hitungan sederhana, konsep aljabar, dan permasalahan aritmatika lainnya. Setiap soal disertai dengan lima pilihan jawaban. Jawablah setiap soal dengan cara memilih satu dari lima jawaban yang ada.",
      "pertanyaan": "Seorang pengusaha ingin memasang iklan sebanyak 3 baris pada sebuah surat kabar. Untuk hari pertama, ia harus membayar Rp2.500 per baris, untuk 5 hari berikutnya ia harus membayar Rp1.500 per baris, dan untuk hari­hari berikutnya ia harus membayar Rp1.000 per baris. Jika ia membayar Rp60.000, berapa hari iklan itu dipasang?",
      "jawaban": [
        "20 hari",
        "30 hari",
        "16 hari",
        "15 hari",
        "jawaban5",
        "10 hari"
      ]
    },
    {
      "id": 7,
      "jenis": "Tes Aritmatika",
      "petunjuk": "Soal­soal aritmatika terdiri dari soal­soal hitungan sederhana, konsep aljabar, dan permasalahan aritmatika lainnya. Setiap soal disertai dengan lima pilihan jawaban. Jawablah setiap soal dengan cara memilih satu dari lima jawaban yang ada.",
      "pertanyaan": "Seorang pengusaha ingin memasang iklan sebanyak 3 baris pada sebuah surat kabar. Untuk hari pertama, ia harus membayar Rp2.500 per baris, untuk 5 hari berikutnya ia harus membayar Rp1.500 per baris, dan untuk hari­hari berikutnya ia harus membayar Rp1.000 per baris. Jika ia membayar Rp60.000, berapa hari iklan itu dipasang?",
      "jawaban": [
        "20 hari",
        "30 hari",
        "16 hari",
        "15 hari",
        "jawaban5",
        "10 hari"
      ]
    },
    {
      "id": 7,
      "jenis": "Tes Aritmatika",
      "petunjuk": "Soal­soal aritmatika terdiri dari soal­soal hitungan sederhana, konsep aljabar, dan permasalahan aritmatika lainnya. Setiap soal disertai dengan lima pilihan jawaban. Jawablah setiap soal dengan cara memilih satu dari lima jawaban yang ada.",
      "pertanyaan": "Seorang pengusaha ingin memasang iklan sebanyak 3 baris pada sebuah surat kabar. Untuk hari pertama, ia harus membayar Rp2.500 per baris, untuk 5 hari berikutnya ia harus membayar Rp1.500 per baris, dan untuk hari­hari berikutnya ia harus membayar Rp1.000 per baris. Jika ia membayar Rp60.000, berapa hari iklan itu dipasang?",
      "jawaban": [
        "20 hari",
        "30 hari",
        "16 hari",
        "15 hari",
        "jawaban5",
        "10 hari"
      ]
    },
    {
      "id": 7,
      "jenis": "Tes Aritmatika",
      "petunjuk": "Soal­soal aritmatika terdiri dari soal­soal hitungan sederhana, konsep aljabar, dan permasalahan aritmatika lainnya. Setiap soal disertai dengan lima pilihan jawaban. Jawablah setiap soal dengan cara memilih satu dari lima jawaban yang ada.",
      "pertanyaan": "Seorang pengusaha ingin memasang iklan sebanyak 3 baris pada sebuah surat kabar. Untuk hari pertama, ia harus membayar Rp2.500 per baris, untuk 5 hari berikutnya ia harus membayar Rp1.500 per baris, dan untuk hari­hari berikutnya ia harus membayar Rp1.000 per baris. Jika ia membayar Rp60.000, berapa hari iklan itu dipasang?",
      "jawaban": [
        "20 hari",
        "30 hari",
        "16 hari",
        "15 hari",
        "jawaban5",
        "10 hari"
      ]
    },
    {
      "id": 7,
      "jenis": "Tes Aritmatika",
      "petunjuk": "Soal­soal aritmatika terdiri dari soal­soal hitungan sederhana, konsep aljabar, dan permasalahan aritmatika lainnya. Setiap soal disertai dengan lima pilihan jawaban. Jawablah setiap soal dengan cara memilih satu dari lima jawaban yang ada.",
      "pertanyaan": "Seorang pengusaha ingin memasang iklan sebanyak 3 baris pada sebuah surat kabar. Untuk hari pertama, ia harus membayar Rp2.500 per baris, untuk 5 hari berikutnya ia harus membayar Rp1.500 per baris, dan untuk hari­hari berikutnya ia harus membayar Rp1.000 per baris. Jika ia membayar Rp60.000, berapa hari iklan itu dipasang?",
      "jawaban": [
        "20 hari",
        "30 hari",
        "16 hari",
        "15 hari",
        "jawaban5",
        "10 hari"
      ]
    },
    {
      "id": 7,
      "jenis": "Tes Aritmatika",
      "petunjuk": "Soal­soal aritmatika terdiri dari soal­soal hitungan sederhana, konsep aljabar, dan permasalahan aritmatika lainnya. Setiap soal disertai dengan lima pilihan jawaban. Jawablah setiap soal dengan cara memilih satu dari lima jawaban yang ada.",
      "pertanyaan": "Seorang pengusaha ingin memasang iklan sebanyak 3 baris pada sebuah surat kabar. Untuk hari pertama, ia harus membayar Rp2.500 per baris, untuk 5 hari berikutnya ia harus membayar Rp1.500 per baris, dan untuk hari­hari berikutnya ia harus membayar Rp1.000 per baris. Jika ia membayar Rp60.000, berapa hari iklan itu dipasang?",
      "jawaban": [
        "20 hari",
        "30 hari",
        "16 hari",
        "15 hari",
        "jawaban5",
        "10 hari"
      ]
    },
    {
      "id": 7,
      "jenis": "Tes Aritmatika",
      "petunjuk": "Soal­soal aritmatika terdiri dari soal­soal hitungan sederhana, konsep aljabar, dan permasalahan aritmatika lainnya. Setiap soal disertai dengan lima pilihan jawaban. Jawablah setiap soal dengan cara memilih satu dari lima jawaban yang ada.",
      "pertanyaan": "Seorang pengusaha ingin memasang iklan sebanyak 3 baris pada sebuah surat kabar. Untuk hari pertama, ia harus membayar Rp2.500 per baris, untuk 5 hari berikutnya ia harus membayar Rp1.500 per baris, dan untuk hari­hari berikutnya ia harus membayar Rp1.000 per baris. Jika ia membayar Rp60.000, berapa hari iklan itu dipasang?",
      "jawaban": [
        "20 hari",
        "30 hari",
        "16 hari",
        "15 hari",
        "jawaban5",
        "10 hari"
      ]
    },
    {
      "id": 7,
      "jenis": "Tes Aritmatika",
      "petunjuk": "Soal­soal aritmatika terdiri dari soal­soal hitungan sederhana, konsep aljabar, dan permasalahan aritmatika lainnya. Setiap soal disertai dengan lima pilihan jawaban. Jawablah setiap soal dengan cara memilih satu dari lima jawaban yang ada.",
      "pertanyaan": "Seorang pengusaha ingin memasang iklan sebanyak 3 baris pada sebuah surat kabar. Untuk hari pertama, ia harus membayar Rp2.500 per baris, untuk 5 hari berikutnya ia harus membayar Rp1.500 per baris, dan untuk hari­hari berikutnya ia harus membayar Rp1.000 per baris. Jika ia membayar Rp60.000, berapa hari iklan itu dipasang?",
      "jawaban": [
        "20 hari",
        "30 hari",
        "16 hari",
        "15 hari",
        "jawaban5",
        "10 hari"
      ]
    },
    {
      "id": 7,
      "jenis": "Tes Aritmatika",
      "petunjuk": "Soal­soal aritmatika terdiri dari soal­soal hitungan sederhana, konsep aljabar, dan permasalahan aritmatika lainnya. Setiap soal disertai dengan lima pilihan jawaban. Jawablah setiap soal dengan cara memilih satu dari lima jawaban yang ada.",
      "pertanyaan": "Seorang pengusaha ingin memasang iklan sebanyak 3 baris pada sebuah surat kabar. Untuk hari pertama, ia harus membayar Rp2.500 per baris, untuk 5 hari berikutnya ia harus membayar Rp1.500 per baris, dan untuk hari­hari berikutnya ia harus membayar Rp1.000 per baris. Jika ia membayar Rp60.000, berapa hari iklan itu dipasang?",
      "jawaban": [
        "20 hari",
        "30 hari",
        "16 hari",
        "15 hari",
        "jawaban5",
        "10 hari"
      ]
    },
    {
      "id": 7,
      "jenis": "Tes Aritmatika",
      "petunjuk": "Soal­soal aritmatika terdiri dari soal­soal hitungan sederhana, konsep aljabar, dan permasalahan aritmatika lainnya. Setiap soal disertai dengan lima pilihan jawaban. Jawablah setiap soal dengan cara memilih satu dari lima jawaban yang ada.",
      "pertanyaan": "Seorang pengusaha ingin memasang iklan sebanyak 3 baris pada sebuah surat kabar. Untuk hari pertama, ia harus membayar Rp2.500 per baris, untuk 5 hari berikutnya ia harus membayar Rp1.500 per baris, dan untuk hari­hari berikutnya ia harus membayar Rp1.000 per baris. Jika ia membayar Rp60.000, berapa hari iklan itu dipasang?",
      "jawaban": [
        "20 hari",
        "30 hari",
        "16 hari",
        "15 hari",
        "jawaban5",
        "10 hari"
      ]
    },
    {
      "id": 7,
      "jenis": "Tes Aritmatika",
      "petunjuk": "Soal­soal aritmatika terdiri dari soal­soal hitungan sederhana, konsep aljabar, dan permasalahan aritmatika lainnya. Setiap soal disertai dengan lima pilihan jawaban. Jawablah setiap soal dengan cara memilih satu dari lima jawaban yang ada.",
      "pertanyaan": "Seorang pengusaha ingin memasang iklan sebanyak 3 baris pada sebuah surat kabar. Untuk hari pertama, ia harus membayar Rp2.500 per baris, untuk 5 hari berikutnya ia harus membayar Rp1.500 per baris, dan untuk hari­hari berikutnya ia harus membayar Rp1.000 per baris. Jika ia membayar Rp60.000, berapa hari iklan itu dipasang?",
      "jawaban": [
        "20 hari",
        "30 hari",
        "16 hari",
        "15 hari",
        "jawaban5",
        "10 hari"
      ]
    },
    {
      "id": 7,
      "jenis": "Tes Aritmatika",
      "petunjuk": "Soal­soal aritmatika terdiri dari soal­soal hitungan sederhana, konsep aljabar, dan permasalahan aritmatika lainnya. Setiap soal disertai dengan lima pilihan jawaban. Jawablah setiap soal dengan cara memilih satu dari lima jawaban yang ada.",
      "pertanyaan": "Seorang pengusaha ingin memasang iklan sebanyak 3 baris pada sebuah surat kabar. Untuk hari pertama, ia harus membayar Rp2.500 per baris, untuk 5 hari berikutnya ia harus membayar Rp1.500 per baris, dan untuk hari­hari berikutnya ia harus membayar Rp1.000 per baris. Jika ia membayar Rp60.000, berapa hari iklan itu dipasang?",
      "jawaban": [
        "20 hari",
        "30 hari",
        "16 hari",
        "15 hari",
        "jawaban5",
        "10 hari"
      ]
    },
    {
      "id": 7,
      "jenis": "Tes Aritmatika",
      "petunjuk": "Soal­soal aritmatika terdiri dari soal­soal hitungan sederhana, konsep aljabar, dan permasalahan aritmatika lainnya. Setiap soal disertai dengan lima pilihan jawaban. Jawablah setiap soal dengan cara memilih satu dari lima jawaban yang ada.",
      "pertanyaan": "Seorang pengusaha ingin memasang iklan sebanyak 3 baris pada sebuah surat kabar. Untuk hari pertama, ia harus membayar Rp2.500 per baris, untuk 5 hari berikutnya ia harus membayar Rp1.500 per baris, dan untuk hari­hari berikutnya ia harus membayar Rp1.000 per baris. Jika ia membayar Rp60.000, berapa hari iklan itu dipasang?",
      "jawaban": [
        "20 hari",
        "30 hari",
        "16 hari",
        "15 hari",
        "jawaban5",
        "10 hari"
      ]
    },
    {
      "id": 7,
      "jenis": "Tes Aritmatika",
      "petunjuk": "Soal­soal aritmatika terdiri dari soal­soal hitungan sederhana, konsep aljabar, dan permasalahan aritmatika lainnya. Setiap soal disertai dengan lima pilihan jawaban. Jawablah setiap soal dengan cara memilih satu dari lima jawaban yang ada.",
      "pertanyaan": "Seorang pengusaha ingin memasang iklan sebanyak 3 baris pada sebuah surat kabar. Untuk hari pertama, ia harus membayar Rp2.500 per baris, untuk 5 hari berikutnya ia harus membayar Rp1.500 per baris, dan untuk hari­hari berikutnya ia harus membayar Rp1.000 per baris. Jika ia membayar Rp60.000, berapa hari iklan itu dipasang?",
      "jawaban": [
        "20 hari",
        "30 hari",
        "16 hari",
        "15 hari",
        "jawaban5",
        "10 hari"
      ]
    },
    {
      "id": 7,
      "jenis": "Tes Aritmatika",
      "petunjuk": "Soal­soal aritmatika terdiri dari soal­soal hitungan sederhana, konsep aljabar, dan permasalahan aritmatika lainnya. Setiap soal disertai dengan lima pilihan jawaban. Jawablah setiap soal dengan cara memilih satu dari lima jawaban yang ada.",
      "pertanyaan": "Seorang pengusaha ingin memasang iklan sebanyak 3 baris pada sebuah surat kabar. Untuk hari pertama, ia harus membayar Rp2.500 per baris, untuk 5 hari berikutnya ia harus membayar Rp1.500 per baris, dan untuk hari­hari berikutnya ia harus membayar Rp1.000 per baris. Jika ia membayar Rp60.000, berapa hari iklan itu dipasang?",
      "jawaban": [
        "20 hari",
        "30 hari",
        "16 hari",
        "15 hari",
        "jawaban5",
        "10 hari"
      ]
    },
    {
      "id": 7,
      "jenis": "Tes Aritmatika",
      "petunjuk": "Soal­soal aritmatika terdiri dari soal­soal hitungan sederhana, konsep aljabar, dan permasalahan aritmatika lainnya. Setiap soal disertai dengan lima pilihan jawaban. Jawablah setiap soal dengan cara memilih satu dari lima jawaban yang ada.",
      "pertanyaan": "Seorang pengusaha ingin memasang iklan sebanyak 3 baris pada sebuah surat kabar. Untuk hari pertama, ia harus membayar Rp2.500 per baris, untuk 5 hari berikutnya ia harus membayar Rp1.500 per baris, dan untuk hari­hari berikutnya ia harus membayar Rp1.000 per baris. Jika ia membayar Rp60.000, berapa hari iklan itu dipasang?",
      "jawaban": [
        "20 hari",
        "30 hari",
        "16 hari",
        "15 hari",
        "jawaban5",
        "10 hari"
      ]
    },
    {
      "id": 7,
      "jenis": "Tes Aritmatika",
      "petunjuk": "Soal­soal aritmatika terdiri dari soal­soal hitungan sederhana, konsep aljabar, dan permasalahan aritmatika lainnya. Setiap soal disertai dengan lima pilihan jawaban. Jawablah setiap soal dengan cara memilih satu dari lima jawaban yang ada.",
      "pertanyaan": "Seorang pengusaha ingin memasang iklan sebanyak 3 baris pada sebuah surat kabar. Untuk hari pertama, ia harus membayar Rp2.500 per baris, untuk 5 hari berikutnya ia harus membayar Rp1.500 per baris, dan untuk hari­hari berikutnya ia harus membayar Rp1.000 per baris. Jika ia membayar Rp60.000, berapa hari iklan itu dipasang?",
      "jawaban": [
        "20 hari",
        "30 hari",
        "16 hari",
        "15 hari",
        "jawaban5",
        "10 hari"
      ]
    },
    {
      "id": 7,
      "jenis": "Tes Aritmatika",
      "petunjuk": "Soal­soal aritmatika terdiri dari soal­soal hitungan sederhana, konsep aljabar, dan permasalahan aritmatika lainnya. Setiap soal disertai dengan lima pilihan jawaban. Jawablah setiap soal dengan cara memilih satu dari lima jawaban yang ada.",
      "pertanyaan": "Seorang pengusaha ingin memasang iklan sebanyak 3 baris pada sebuah surat kabar. Untuk hari pertama, ia harus membayar Rp2.500 per baris, untuk 5 hari berikutnya ia harus membayar Rp1.500 per baris, dan untuk hari­hari berikutnya ia harus membayar Rp1.000 per baris. Jika ia membayar Rp60.000, berapa hari iklan itu dipasang?",
      "jawaban": [
        "20 hari",
        "30 hari",
        "16 hari",
        "15 hari",
        "jawaban5",
        "10 hari"
      ]
    },
    {
      "id": 7,
      "jenis": "Tes Aritmatika",
      "petunjuk": "Soal­soal aritmatika terdiri dari soal­soal hitungan sederhana, konsep aljabar, dan permasalahan aritmatika lainnya. Setiap soal disertai dengan lima pilihan jawaban. Jawablah setiap soal dengan cara memilih satu dari lima jawaban yang ada.",
      "pertanyaan": "Seorang pengusaha ingin memasang iklan sebanyak 3 baris pada sebuah surat kabar. Untuk hari pertama, ia harus membayar Rp2.500 per baris, untuk 5 hari berikutnya ia harus membayar Rp1.500 per baris, dan untuk hari­hari berikutnya ia harus membayar Rp1.000 per baris. Jika ia membayar Rp60.000, berapa hari iklan itu dipasang?",
      "jawaban": [
        "20 hari",
        "30 hari",
        "16 hari",
        "15 hari",
        "jawaban5",
        "10 hari"
      ]
    }
  ]
}
